Last Name,First Name,Email,Due,Web Site,Action
Smith,John,jsmith@gmail.com,$50.00,http://www.jsmith.com,editdelete
Bach,Frank,fbach@yahoo.com,$51.00,http://www.frank.com,editdelete
Doe,Jason,jdoe@hotmail.com,$100.00,http://www.jdoe.com,editdelete
Conway,Tim,tconway@earthlink.net,$50.00,http://www.timconway.com,editdelete
Last Name,First Name,Email,Due,Web Site,Action
Smith,John,jsmith@gmail.com,$50.00,http://www.jsmith.com,editdelete
Bach,Frank,fbach@yahoo.com,$51.00,http://www.frank.com,editdelete
Doe,Jason,jdoe@hotmail.com,$100.00,http://www.jdoe.com,editdelete
Conway,Tim,tconway@earthlink.net,$50.00,http://www.timconway.com,editdelete
